{
  "Elements": [
    {
      "__type": "KeyboardKey",
      "Id": 0,
      "Boundaries": [
        {
          "X": 2,
          "Y": 136
        },
        {
          "X": 133,
          "Y": 136
        },
        {
          "X": 133,
          "Y": 179
        },
        {
          "X": 2,
          "Y": 179
        }
      ],
      "KeyCodes": [
        32
      ],
      "Text": "____",
      "TextPosition": {
        "X": 67,
        "Y": 157
      },
      "ChangeOnCaps": false,
      "ShiftText": ""
    },
    {
      "__type": "KeyboardKey",
      "Id": 1,
      "Boundaries": [
        {
          "X": 2,
          "Y": 4
        },
        {
          "X": 45,
          "Y": 4
        },
        {
          "X": 45,
          "Y": 47
        },
        {
          "X": 2,
          "Y": 47
        }
      ],
      "KeyCodes": [
        49
      ],
      "Text": "1",
      "TextPosition": {
        "X": 23,
        "Y": 25
      },
      "ChangeOnCaps": false,
      "ShiftText": "!"
    },
    {
      "__type": "KeyboardKey",
      "Id": 2,
      "Boundaries": [
        {
          "X": 46,
          "Y": 4
        },
        {
          "X": 89,
          "Y": 4
        },
        {
          "X": 89,
          "Y": 47
        },
        {
          "X": 46,
          "Y": 47
        }
      ],
      "KeyCodes": [
        50
      ],
      "Text": "2",
      "TextPosition": {
        "X": 67,
        "Y": 25
      },
      "ChangeOnCaps": false,
      "ShiftText": "@"
    },
    {
      "__type": "KeyboardKey",
      "Id": 3,
      "Boundaries": [
        {
          "X": 90,
          "Y": 4
        },
        {
          "X": 133,
          "Y": 4
        },
        {
          "X": 133,
          "Y": 47
        },
        {
          "X": 90,
          "Y": 47
        }
      ],
      "KeyCodes": [
        51
      ],
      "Text": "3",
      "TextPosition": {
        "X": 111,
        "Y": 25
      },
      "ChangeOnCaps": false,
      "ShiftText": "#"
    },
    {
      "__type": "KeyboardKey",
      "Id": 4,
      "Boundaries": [
        {
          "X": 135,
          "Y": 4
        },
        {
          "X": 178,
          "Y": 4
        },
        {
          "X": 178,
          "Y": 47
        },
        {
          "X": 135,
          "Y": 47
        }
      ],
      "KeyCodes": [
        52
      ],
      "Text": "4",
      "TextPosition": {
        "X": 156,
        "Y": 25
      },
      "ChangeOnCaps": false,
      "ShiftText": "$"
    },
    {
      "__type": "KeyboardKey",
      "Id": 5,
      "Boundaries": [
        {
          "X": 16,
          "Y": 92
        },
        {
          "X": 59,
          "Y": 92
        },
        {
          "X": 59,
          "Y": 135
        },
        {
          "X": 16,
          "Y": 135
        }
      ],
      "KeyCodes": [
        65
      ],
      "Text": "A",
      "TextPosition": {
        "X": 37,
        "Y": 113
      },
      "ChangeOnCaps": true,
      "ShiftText": "A"
    },
    {
      "__type": "KeyboardKey",
      "Id": 7,
      "Boundaries": [
        {
          "X": 104,
          "Y": 92
        },
        {
          "X": 147,
          "Y": 92
        },
        {
          "X": 147,
          "Y": 135
        },
        {
          "X": 104,
          "Y": 135
        }
      ],
      "KeyCodes": [
        68
      ],
      "Text": "D",
      "TextPosition": {
        "X": 125,
        "Y": 113
      },
      "ChangeOnCaps": true,
      "ShiftText": "D"
    },
    {
      "__type": "KeyboardKey",
      "Id": 8,
      "Boundaries": [
        {
          "X": 97,
          "Y": 48
        },
        {
          "X": 140,
          "Y": 48
        },
        {
          "X": 140,
          "Y": 91
        },
        {
          "X": 97,
          "Y": 91
        }
      ],
      "KeyCodes": [
        69
      ],
      "Text": "E",
      "TextPosition": {
        "X": 118,
        "Y": 69
      },
      "ChangeOnCaps": true,
      "ShiftText": "E"
    },
    {
      "__type": "MouseKey",
      "Id": 9,
      "Boundaries": [
        {
          "X": 134,
          "Y": 136
        },
        {
          "X": 177,
          "Y": 136
        },
        {
          "X": 177,
          "Y": 179
        },
        {
          "X": 134,
          "Y": 179
        }
      ],
      "KeyCodes": [
        0
      ],
      "Text": "LMB",
      "TextPosition": {
        "X": 155,
        "Y": 157
      }
    },
    {
      "__type": "MouseKey",
      "Id": 10,
      "Boundaries": [
        {
          "X": 178,
          "Y": 136
        },
        {
          "X": 221,
          "Y": 136
        },
        {
          "X": 221,
          "Y": 179
        },
        {
          "X": 178,
          "Y": 179
        }
      ],
      "KeyCodes": [
        1
      ],
      "Text": "RMB",
      "TextPosition": {
        "X": 199,
        "Y": 157
      }
    },
    {
      "__type": "KeyboardKey",
      "Id": 11,
      "Boundaries": [
        {
          "X": 9,
          "Y": 48
        },
        {
          "X": 52,
          "Y": 48
        },
        {
          "X": 52,
          "Y": 91
        },
        {
          "X": 9,
          "Y": 91
        }
      ],
      "KeyCodes": [
        81
      ],
      "Text": "Q",
      "TextPosition": {
        "X": 30,
        "Y": 69
      },
      "ChangeOnCaps": true,
      "ShiftText": "Q"
    },
    {
      "__type": "KeyboardKey",
      "Id": 12,
      "Boundaries": [
        {
          "X": 141,
          "Y": 48
        },
        {
          "X": 184,
          "Y": 48
        },
        {
          "X": 184,
          "Y": 91
        },
        {
          "X": 141,
          "Y": 91
        }
      ],
      "KeyCodes": [
        82
      ],
      "Text": "R",
      "TextPosition": {
        "X": 162,
        "Y": 69
      },
      "ChangeOnCaps": true,
      "ShiftText": "R"
    },
    {
      "__type": "KeyboardKey",
      "Id": 13,
      "Boundaries": [
        {
          "X": 60,
          "Y": 92
        },
        {
          "X": 103,
          "Y": 92
        },
        {
          "X": 103,
          "Y": 135
        },
        {
          "X": 60,
          "Y": 135
        }
      ],
      "KeyCodes": [
        83
      ],
      "Text": "S",
      "TextPosition": {
        "X": 81,
        "Y": 113
      },
      "ChangeOnCaps": true,
      "ShiftText": "S"
    },
    {
      "__type": "KeyboardKey",
      "Id": 14,
      "Boundaries": [
        {
          "X": 53,
          "Y": 48
        },
        {
          "X": 96,
          "Y": 48
        },
        {
          "X": 96,
          "Y": 91
        },
        {
          "X": 53,
          "Y": 91
        }
      ],
      "KeyCodes": [
        87
      ],
      "Text": "W",
      "TextPosition": {
        "X": 74,
        "Y": 69
      },
      "ChangeOnCaps": true,
      "ShiftText": "W"
    },
    {
      "__type": "KeyboardKey",
      "Id": 15,
      "Boundaries": [
        {
          "X": 148,
          "Y": 92
        },
        {
          "X": 191,
          "Y": 92
        },
        {
          "X": 191,
          "Y": 135
        },
        {
          "X": 148,
          "Y": 135
        }
      ],
      "KeyCodes": [
        70
      ],
      "Text": "F",
      "TextPosition": {
        "X": 169,
        "Y": 113
      },
      "ChangeOnCaps": true,
      "ShiftText": "F"
    },
    {
      "__type": "MouseSpeedIndicator",
      "Id": 16,
      "Location": {
        "X": 200,
        "Y": 29
      },
      "Radius": 20
    }
  ],
  "Height": 185,
  "Version": 2,
  "Width": 225
}