{
  "Capitalization": 2,
  "FollowShiftForCapsInsensitive": false,
  "FollowShiftForCapsSensitive": false,
  "LoadedCategory": "GamesLegacy",
  "LoadedGlobalStyle": true,
  "LoadedKeyboard": "Genshin_Impact",
  "LoadedStyle": "GenshinImpact",
  "MouseFromCenter": false,
  "MouseSensitivity": 50,
  "PressHold": 0,
  "ScrollHold": 50,
  "TrapKeyboard": false,
  "TrapMouse": false,
  "TrapToggleKeyCode": 145,
  "UpdateInterval": 33,
  "UpdateTextPosition": true,
  "WindowTitle": "",
  "X": 1094,
  "Y": 518
}